48.699597,2.216905,339,0.00,0.05,32,
48.699597,2.216905,339,0.00,0.05,46,
48.699597,2.216905,339,0.00,0.05,79,
48.699597,2.216905,340,0.00,0.05,112,
48.699597,2.216905,340,0.00,0.05,146,
48.699597,2.216905,340,0.00,0.05,179,
48.699597,2.216905,341,0.00,0.05,212,
48.699597,2.216905,341,0.00,0.05,245,
48.699597,2.216905,341,0.00,0.05,279,
48.699597,2.216905,342,0.00,0.05,312,
48.699597,2.216905,342,0.00,0.05,346,
48.699597,2.216905,342,0.00,0.05,379,
48.699597,2.216905,342,0.00,0.05,413,
48.699597,2.216905,343,0.00,0.05,446,
48.699597,2.216905,343,0.00,0.05,479,
48.699597,2.216905,343,0.00,0.05,513,
48.699597,2.216905,344,0.00,0.05,546,
48.699597,2.216905,344,0.00,0.05,579,
48.699597,2.216905,344,0.00,0.05,612,
48.699597,2.216905,344,0.00,0.05,646,
48.699597,2.216905,345,0.00,0.05,679,
48.699597,2.216905,345,0.00,0.05,712,
48.699597,2.216905,345,0.00,0.05,746,
48.699597,2.216905,346,0.00,0.05,779,
48.699597,2.216905,346,0.00,0.05,813,
48.699597,2.216905,346,0.00,0.05,846,
48.699597,2.216905,346,0.00,0.05,879,
48.699597,2.216905,347,0.00,0.05,913,
48.699599,2.216900,347,0.00,0.05,946,
48.699599,2.216900,348,0.00,0.05,979,
48.699599,2.216900,348,0.00,0.05,1013,
48.699599,2.216900,348,0.00,0.05,1046,
48.699599,2.216900,348,0.00,0.05,1079,
48.699599,2.216900,349,0.00,0.05,1112,
48.699599,2.216900,349,0.00,0.05,1146,
48.699599,2.216900,349,0.00,0.05,1179,
48.699599,2.216900,350,0.00,0.05,1213,
48.699599,2.216900,350,0.00,0.05,1246,
48.699599,2.216900,350,0.00,0.05,1279,
48.699599,2.216900,350,0.00,0.05,1312,
48.699599,2.216900,350,0.00,0.05,1346,
48.699599,2.216900,350,0.00,0.05,1379,
48.699599,2.216900,350,0.00,0.05,1413,
48.699599,2.216900,351,0.00,0.05,1446,
48.699599,2.216900,351,0.00,0.05,1480,
48.699599,2.216900,351,0.00,0.05,1513,
48.699599,2.216900,351,0.00,0.05,1547,
48.699599,2.216900,351,0.00,0.05,1580,
48.699599,2.216900,352,0.00,0.05,1613,
48.699599,2.216900,352,0.00,0.05,1646,
48.699599,2.216900,352,0.00,0.05,1680,
48.699599,2.216900,352,0.00,0.05,1713,
48.699599,2.216900,352,0.00,0.05,1747,
48.699599,2.216900,352,0.00,0.05,1780,
48.699599,2.216900,352,0.00,0.05,1813,
48.699599,2.216900,352,0.00,0.05,1847,
48.699599,2.216900,352,0.00,0.05,1880,
48.699599,2.216900,352,0.00,0.05,1913,
48.699599,2.216896,352,0.00,0.05,1947,
48.699599,2.216896,352,0.00,0.05,1979,
48.699599,2.216896,352,0.00,0.05,2013,
48.699599,2.216896,352,0.00,0.05,2046,
48.699599,2.216896,352,0.00,0.05,2080,
48.699599,2.216896,352,0.00,0.05,2113,
48.699599,2.216896,352,0.00,0.05,2147,
48.699599,2.216896,352,0.00,0.05,2180,
48.699599,2.216896,352,0.00,0.05,2213,
48.699599,2.216896,352,0.00,0.05,2247,
48.699599,2.216896,352,0.00,0.05,2280,
48.699599,2.216896,352,0.00,0.05,2313,
48.699599,2.216896,352,0.00,0.05,2347,
48.699599,2.216896,352,0.00,0.05,2380,
48.699599,2.216896,352,0.00,0.05,2413,
48.699599,2.216896,353,0.00,0.05,2447,
48.699599,2.216896,353,0.00,0.05,2480,
48.699599,2.216896,353,0.00,0.05,2513,
48.699599,2.216896,353,0.00,0.05,2547,
48.699599,2.216896,354,0.00,0.05,2580,
48.699599,2.216896,354,0.00,0.05,2613,
48.699599,2.216896,354,0.00,0.05,2647,
48.699599,2.216896,354,0.00,0.05,2680,
48.699599,2.216896,354,0.00,0.05,2713,
48.699599,2.216896,355,0.00,0.05,2747,
48.699599,2.216896,355,0.00,0.05,2780,
48.699599,2.216896,355,0.00,0.05,2815,
48.699599,2.216896,355,0.00,0.05,2848,
48.699599,2.216896,355,0.00,0.05,2881,
48.699599,2.216896,355,0.00,0.05,2914,
48.699600,2.216893,355,0.00,0.05,2947,
48.699600,2.216893,356,0.00,0.05,2979,
48.699600,2.216893,356,0.00,0.05,3013,
48.699600,2.216893,356,0.00,0.05,3046,
48.699600,2.216893,356,0.00,0.05,3080,
48.699600,2.216893,356,0.00,0.05,3113,
48.699600,2.216893,356,0.00,0.05,3147,
48.699600,2.216893,357,0.00,0.05,3180,
48.699600,2.216893,357,0.00,0.05,3214,
48.699600,2.216893,357,0.00,0.05,3247,
48.699600,2.216893,357,0.00,0.05,3281,
48.699600,2.216893,358,0.00,0.05,3313,
48.699600,2.216893,358,0.00,0.05,3347,
48.699600,2.216893,358,0.00,0.05,3379,
48.699600,2.216893,358,0.00,0.05,3413,
48.699600,2.216893,358,0.00,0.05,3447,
48.699600,2.216893,358,0.00,0.05,3480,
48.699600,2.216893,358,0.00,0.05,3515,
48.699600,2.216893,358,0.00,0.05,3548,
48.699600,2.216893,359,0.00,0.05,3581,
48.699600,2.216893,359,0.00,0.05,3614,
48.699600,2.216893,359,0.00,0.05,3648,
48.699600,2.216893,359,0.00,0.05,3684,
48.699600,2.216893,0,0.00,0.05,3715,
48.699600,2.216893,0,0.00,0.05,3747,
48.699600,2.216893,0,0.00,0.05,3780,
48.699600,2.216893,0,0.00,0.05,3813,
48.699600,2.216893,1,0.00,0.05,3847,
48.699600,2.216893,1,0.00,0.05,3881,
48.699600,2.216893,1,0.00,0.05,3914,
48.699599,2.216890,1,0.00,0.05,3947,
48.699599,2.216890,1,0.00,0.06,3979,
48.699599,2.216890,1,0.00,0.06,4013,
48.699599,2.216890,1,0.00,0.06,4047,
48.699599,2.216890,0,0.00,0.06,4080,
48.699599,2.216890,0,0.00,0.06,4114,
48.699599,2.216890,359,0.00,0.06,4149,
48.699599,2.216890,358,0.00,0.06,4181,
48.699599,2.216890,356,0.00,0.06,4214,
48.699599,2.216890,355,0.00,0.06,4248,
48.699599,2.216890,354,0.00,0.06,4281,
48.699599,2.216890,353,0.00,0.06,4314,
48.699599,2.216890,351,0.00,0.06,4348,
48.699599,2.216890,351,0.00,0.06,4380,
48.699599,2.216890,349,0.00,0.06,4414,
48.699599,2.216890,349,0.00,0.06,4447,
48.699599,2.216890,348,0.00,0.06,4481,
48.699599,2.216890,346,0.00,0.06,4514,
48.699599,2.216890,346,0.00,0.06,4547,
48.699599,2.216890,344,0.00,0.06,4580,
48.699599,2.216890,343,0.00,0.06,4614,
48.699599,2.216890,342,0.00,0.06,4647,
48.699599,2.216890,340,0.00,0.06,4681,
48.699599,2.216890,338,0.00,0.06,4714,
48.699599,2.216890,336,0.00,0.06,4748,
48.699599,2.216890,334,0.00,0.06,4781,
48.699599,2.216890,331,0.00,0.06,4815,
48.699599,2.216890,329,0.00,0.06,4848,
48.699599,2.216890,326,0.00,0.06,4881,
48.699599,2.216890,324,0.00,0.06,4915,
48.699599,2.216890,321,0.00,0.06,4948,
48.699598,2.216892,317,1.51,0.06,4980,
48.699598,2.216892,315,1.51,0.06,5013,
48.699598,2.216892,311,1.51,0.06,5046,
48.699598,2.216892,306,1.51,0.06,5080,
48.699598,2.216892,303,1.51,0.06,5114,
48.699598,2.216892,299,1.51,0.06,5147,
48.699598,2.216892,292,1.51,0.06,5180,
48.699598,2.216892,290,1.51,0.06,5214,
48.699598,2.216892,285,1.51,0.06,5248,
48.699598,2.216892,282,1.51,0.06,5281,
48.699598,2.216892,277,1.51,0.06,5314,
48.699598,2.216892,272,1.51,0.06,5347,
48.699598,2.216892,270,1.51,0.06,5381,
48.699598,2.216892,266,1.51,0.06,5414,
48.699598,2.216892,263,1.51,0.06,5448,
48.699598,2.216892,262,1.51,0.06,5481,
48.699598,2.216892,260,1.51,0.06,5514,
48.699598,2.216892,260,1.51,0.06,5548,
48.699598,2.216892,260,1.51,0.06,5581,
48.699598,2.216892,260,1.51,0.06,5614,
48.699598,2.216892,261,1.51,0.06,5648,
48.699598,2.216892,261,1.51,0.06,5681,
48.699598,2.216892,262,1.51,0.06,5713,
48.699598,2.216892,261,1.51,0.06,5747,
48.699598,2.216892,261,1.51,0.06,5781,
48.699598,2.216892,260,1.51,0.06,5814,
48.699598,2.216892,259,1.51,0.06,5848,
48.699598,2.216892,258,1.51,0.06,5880,
48.699598,2.216892,257,1.51,0.06,5914,
48.699598,2.216892,256,1.51,0.06,5948,
48.699596,2.216901,256,2.56,0.06,5980,
48.699596,2.216901,255,2.56,0.06,6013,
48.699596,2.216901,255,2.56,0.06,6050,
48.699596,2.216901,255,2.56,0.06,6081,
48.699596,2.216901,256,2.56,0.06,6114,
48.699596,2.216901,256,2.56,0.06,6147,
48.699596,2.216901,256,2.56,0.06,6182,
48.699596,2.216901,256,2.56,0.06,6214,
48.699596,2.216901,255,2.56,0.06,6247,
48.699596,2.216901,255,2.56,0.06,6281,
48.699596,2.216901,255,2.56,0.06,6315,
48.699596,2.216901,255,2.56,0.06,6348,
48.699596,2.216901,255,2.56,0.06,6380,
48.699596,2.216901,254,2.56,0.06,6414,
48.699596,2.216901,254,2.56,0.06,6447,
48.699596,2.216901,254,2.56,0.06,6482,
48.699596,2.216901,253,2.56,0.06,6514,
48.699596,2.216901,253,2.56,0.06,6547,
48.699596,2.216901,252,2.56,0.06,6581,
48.699596,2.216901,252,2.56,0.06,6614,
48.699596,2.216901,251,2.56,0.06,6648,
48.699596,2.216901,249,2.56,0.06,6683,
48.699596,2.216901,249,2.56,0.06,6714,
48.699596,2.216901,247,2.56,0.06,6746,
48.699596,2.216901,247,2.56,0.06,6780,
48.699596,2.216901,244,2.56,0.06,6813,
48.699596,2.216901,241,2.56,0.06,6847,
48.699596,2.216901,240,2.56,0.06,6881,
48.699596,2.216901,238,2.56,0.06,6914,
48.699596,2.216901,236,2.56,0.06,6948,
48.699593,2.216911,235,2.50,0.06,6982,
48.699593,2.216911,233,2.50,0.06,7013,
48.699593,2.216911,232,2.50,0.06,7047,
48.699593,2.216911,228,2.50,0.06,7081,
48.699593,2.216911,225,2.50,0.06,7115,
48.699593,2.216911,223,2.50,0.06,7148,
48.699593,2.216911,220,2.50,0.06,7180,
48.699593,2.216911,219,2.50,0.06,7214,
48.699593,2.216911,218,2.50,0.06,7247,
48.699593,2.216911,216,2.50,0.06,7281,
48.699593,2.216911,215,2.50,0.06,7314,
48.699593,2.216911,214,2.50,0.06,7348,
48.699593,2.216911,212,2.50,0.06,7381,
48.699593,2.216911,210,2.50,0.06,7414,
48.699593,2.216911,210,2.50,0.06,7447,
48.699593,2.216911,210,2.50,0.06,7481,
48.699593,2.216911,209,2.50,0.06,7514,
48.699593,2.216911,210,2.50,0.06,7547,
48.699593,2.216911,211,2.50,0.06,7581,
48.699593,2.216911,212,2.50,0.06,7614,
48.699593,2.216911,213,2.50,0.06,7647,
48.699593,2.216911,214,2.50,0.06,7681,
48.699593,2.216911,214,2.50,0.06,7714,
48.699593,2.216911,215,2.50,0.06,7747,
48.699593,2.216911,216,2.50,0.06,7781,
48.699593,2.216911,216,2.50,0.06,7814,
48.699593,2.216911,218,2.50,0.06,7849,
48.699593,2.216911,219,2.50,0.06,7883,
48.699593,2.216911,220,2.50,0.06,7915,
48.699590,2.216920,223,2.50,0.06,7948,
48.699590,2.216920,224,2.66,0.06,7980,
48.699590,2.216920,226,2.66,0.06,8013,
48.699590,2.216920,228,2.66,0.06,8047,
48.699590,2.216920,229,2.66,0.06,8081,
48.699590,2.216920,230,2.66,0.06,8114,
48.699590,2.216920,232,2.66,0.06,8148,
48.699590,2.216920,232,2.66,0.06,8181,
48.699590,2.216920,233,2.66,0.06,8214,
48.699590,2.216920,234,2.66,0.06,8248,
48.699590,2.216920,234,2.66,0.06,8281,
48.699590,2.216920,234,2.66,0.06,8314,
48.699590,2.216920,234,2.66,0.06,8348,
48.699590,2.216920,234,2.66,0.06,8381,
48.699590,2.216920,234,2.66,0.06,8414,
48.699590,2.216920,234,2.66,0.06,8448,
48.699590,2.216920,233,2.66,0.06,8481,
48.699590,2.216920,232,2.66,0.06,8514,
48.699590,2.216920,231,2.66,0.06,8547,
48.699590,2.216920,230,2.66,0.06,8581,
48.699590,2.216920,228,2.66,0.06,8614,
48.699590,2.216920,227,2.66,0.06,8647,
48.699590,2.216920,225,2.66,0.06,8681,
48.699590,2.216920,223,2.66,0.06,8715,
48.699590,2.216920,222,2.66,0.06,8748,
48.699590,2.216920,221,2.66,0.06,8781,
48.699590,2.216920,220,2.66,0.06,8815,
48.699590,2.216920,219,2.66,0.06,8847,
48.699590,2.216920,218,2.66,0.06,8880,
48.699590,2.216920,217,2.66,0.06,8914,
48.699590,2.216920,217,2.66,0.06,8948,
48.699584,2.216932,218,3.70,0.06,8981,
48.699584,2.216932,218,3.70,0.06,9013,
48.699584,2.216932,218,3.70,0.06,9046,
48.699584,2.216932,219,3.70,0.06,9080,
48.699584,2.216932,219,3.70,0.06,9114,
48.699584,2.216932,219,3.70,0.06,9148,
48.699584,2.216932,220,3.70,0.06,9181,
48.699584,2.216932,220,3.70,0.06,9215,
48.699584,2.216932,220,3.70,0.06,9248,
48.699584,2.216932,221,3.70,0.06,9287,
48.699584,2.216932,221,3.70,0.06,9314,
48.699584,2.216932,222,3.70,0.06,9346,
48.699584,2.216932,222,3.70,0.06,9383,
48.699584,2.216932,222,3.70,0.06,9414,
48.699584,2.216932,223,3.70,0.06,9447,
48.699584,2.216932,223,3.70,0.06,9481,
48.699584,2.216932,223,3.70,0.06,9514,
48.699584,2.216932,223,3.70,0.06,9548,
48.699584,2.216932,223,3.70,0.06,9581,
48.699584,2.216932,224,3.70,0.06,9614,
48.699584,2.216932,224,3.70,0.06,9648,
48.699584,2.216932,223,3.70,0.06,9681,
48.699584,2.216932,223,3.70,0.06,9714,
48.699584,2.216932,224,3.70,0.06,9749,
48.699584,2.216932,223,3.70,0.06,9781,
48.699584,2.216932,222,3.70,0.06,9814,
48.699584,2.216932,221,3.70,0.06,9848,
48.699584,2.216932,221,3.70,0.06,9881,
48.699584,2.216932,220,3.70,0.06,9914,
48.699584,2.216932,219,3.70,0.06,9947,
48.699578,2.216945,218,3.55,0.06,9980,
48.699578,2.216945,218,3.55,0.06,10013,
48.699578,2.216945,217,3.55,0.06,10049,
48.699578,2.216945,216,3.55,0.06,10080,
48.699578,2.216945,216,3.55,0.06,10115,
48.699578,2.216945,215,3.55,0.06,10147,
48.699578,2.216945,215,3.55,0.06,10181,
48.699578,2.216945,215,3.55,0.06,10215,
48.699578,2.216945,215,3.55,0.06,10247,
48.699578,2.216945,214,3.55,0.06,10281,
48.699578,2.216945,214,3.55,0.06,10314,
48.699578,2.216945,214,3.55,0.06,10347,
48.699578,2.216945,214,3.55,0.06,10381,
48.699578,2.216945,214,3.55,0.06,10414,
48.699578,2.216945,213,3.55,0.06,10448,
48.699578,2.216945,211,3.55,0.06,10482,
48.699578,2.216945,209,3.55,0.06,10514,
48.699578,2.216945,206,3.55,0.06,10548,
48.699578,2.216945,204,3.55,0.06,10581,
48.699578,2.216945,200,3.55,0.06,10614,
48.699578,2.216945,196,3.55,0.06,10647,
48.699578,2.216945,195,3.55,0.06,10681,
48.699578,2.216945,192,3.55,0.06,10714,
48.699578,2.216945,189,3.55,0.06,10748,
48.699578,2.216945,187,3.55,0.06,10782,
48.699578,2.216945,182,3.55,0.06,10814,
48.699578,2.216945,177,3.55,0.06,10847,
48.699578,2.216945,174,3.55,0.06,10881,
48.699578,2.216945,170,3.55,0.06,10915,
48.699578,2.216945,166,3.55,0.06,10948,
48.699573,2.216955,165,2.48,0.07,10980,
48.699573,2.216955,163,2.48,0.07,11012,
48.699573,2.216955,161,2.48,0.07,11047,
48.699573,2.216955,160,2.48,0.07,11080,
48.699573,2.216955,159,2.48,0.07,11113,
48.699573,2.216955,159,2.48,0.07,11147,
48.699573,2.216955,159,2.48,0.07,11180,
48.699573,2.216955,160,2.48,0.07,11214,
48.699573,2.216955,160,2.48,0.07,11247,
48.699573,2.216955,160,2.48,0.07,11281,
48.699573,2.216955,161,2.48,0.07,11314,
48.699573,2.216955,161,2.48,0.07,11347,
48.699573,2.216955,161,2.48,0.07,11381,
48.699573,2.216955,162,2.48,0.07,11415,
48.699573,2.216955,163,2.48,0.07,11447,
48.699573,2.216955,164,2.48,0.07,11480,
48.699573,2.216955,164,2.48,0.07,11515,
48.699573,2.216955,165,2.48,0.07,11547,
48.699573,2.216955,165,2.48,0.07,11581,
48.699573,2.216955,165,2.48,0.07,11614,
48.699573,2.216955,165,2.48,0.07,11648,
48.699573,2.216955,165,2.48,0.07,11681,
48.699573,2.216955,164,2.48,0.07,11714,
48.699573,2.216955,164,2.48,0.07,11749,
48.699573,2.216955,164,2.48,0.07,11782,
48.699573,2.216955,164,2.48,0.07,11814,
48.699573,2.216955,168,2.48,0.07,11848,
48.699573,2.216955,170,2.48,0.07,11883,
48.699573,2.216955,171,2.48,0.07,11916,
48.699573,2.216955,172,2.48,0.07,11948,
48.699569,2.216965,173,2.98,0.07,11981,
48.699569,2.216965,174,2.98,0.07,12013,
48.699569,2.216965,175,2.98,0.07,12046,
48.699569,2.216965,175,2.98,0.07,12080,
48.699569,2.216965,176,2.98,0.07,12113,
48.699569,2.216965,176,2.98,0.07,12147,
48.699569,2.216965,176,2.98,0.07,12181,
48.699569,2.216965,176,2.98,0.07,12214,
48.699569,2.216965,175,2.98,0.07,12248,
48.699569,2.216965,174,2.98,0.07,12280,
48.699569,2.216965,173,2.98,0.07,12316,
48.699569,2.216965,172,2.98,0.07,12347,
48.699569,2.216965,171,2.98,0.07,12383,
48.699569,2.216965,170,2.98,0.07,12414,
48.699569,2.216965,171,2.98,0.07,12448,
48.699569,2.216965,172,2.98,0.07,12481,
48.699569,2.216965,171,2.98,0.07,12515,
48.699569,2.216965,171,2.98,0.07,12548,
48.699569,2.216965,171,2.98,0.07,12581,
48.699569,2.216965,170,2.98,0.07,12615,
48.699569,2.216965,170,2.98,0.07,12648,
48.699569,2.216965,169,2.98,0.07,12681,
48.699569,2.216965,168,2.98,0.07,12715,
48.699569,2.216965,167,2.98,0.07,12748,
48.699569,2.216965,167,2.98,0.07,12781,
48.699569,2.216965,166,2.98,0.07,12816,
48.699569,2.216965,166,2.98,0.07,12848,
48.699569,2.216965,166,2.98,0.07,12881,
48.699569,2.216965,166,2.98,0.07,12914,
48.699564,2.216976,165,3.17,0.07,12950,
48.699564,2.216976,164,3.17,0.07,12983,
48.699564,2.216976,164,3.17,0.07,13013,
48.699564,2.216976,163,3.17,0.07,13047,
48.699564,2.216976,162,3.17,0.07,13081,
48.699564,2.216976,161,3.17,0.07,13114,
48.699564,2.216976,162,3.17,0.07,13148,
48.699564,2.216976,161,3.17,0.07,13183,
48.699564,2.216976,162,3.17,0.07,13214,
48.699564,2.216976,162,3.17,0.07,13248,
48.699564,2.216976,162,3.17,0.07,13282,
48.699564,2.216976,162,3.17,0.07,13315,
48.699564,2.216976,162,3.17,0.07,13348,
48.699564,2.216976,162,3.17,0.07,13382,
48.699564,2.216976,161,3.17,0.07,13415,
48.699564,2.216976,161,3.17,0.07,13447,
48.699564,2.216976,161,3.17,0.07,13481,
48.699564,2.216976,160,3.17,0.07,13515,
48.699564,2.216976,159,3.17,0.07,13547,
48.699564,2.216976,159,3.17,0.07,13581,
48.699564,2.216976,158,3.17,0.07,13615,
48.699564,2.216976,156,3.17,0.07,13648,
48.699564,2.216976,156,3.17,0.07,13682,
48.699564,2.216976,155,3.17,0.07,13715,
48.699564,2.216976,154,3.17,0.07,13748,
48.699564,2.216976,153,3.17,0.07,13781,
48.699564,2.216976,151,3.17,0.07,13813,
48.699564,2.216976,150,3.17,0.07,13847,
48.699564,2.216976,149,3.17,0.07,13881,
48.699564,2.216976,148,3.17,0.07,13915,
48.699556,2.216989,147,4.02,0.07,13950,
48.699556,2.216989,146,4.02,0.07,13980,
48.699556,2.216989,145,4.02,0.07,14013,
48.699556,2.216989,144,4.02,0.07,14047,
48.699556,2.216989,144,4.02,0.07,14080,
48.699556,2.216989,144,4.02,0.07,14114,
48.699556,2.216989,145,4.02,0.07,14147,
48.699556,2.216989,145,4.02,0.07,14180,
48.699556,2.216989,145,4.02,0.07,14215,
48.699556,2.216989,145,4.02,0.07,14248,
48.699556,2.216989,144,4.02,0.07,14281,
48.699556,2.216989,144,4.02,0.07,14315,
48.699556,2.216989,145,4.02,0.07,14349,
48.699556,2.216989,145,4.02,0.07,14381,
48.699556,2.216989,145,4.02,0.07,14415,
48.699556,2.216989,146,4.02,0.07,14447,
48.699556,2.216989,146,4.02,0.07,14481,
48.699556,2.216989,146,4.02,0.07,14514,
48.699556,2.216989,147,4.02,0.07,14548,
48.699556,2.216989,147,4.02,0.07,14581,
48.699556,2.216989,147,4.02,0.07,14615,
48.699556,2.216989,146,4.02,0.07,14648,
48.699556,2.216989,147,4.02,0.07,14682,
48.699556,2.216989,147,4.02,0.07,14715,
48.699556,2.216989,147,4.02,0.07,14748,
48.699556,2.216989,147,4.02,0.07,14782,
48.699556,2.216989,148,4.02,0.07,14814,
48.699556,2.216989,148,4.02,0.07,14849,
48.699556,2.216989,147,4.02,0.07,14881,
48.699556,2.216989,146,4.02,0.07,14915,
48.699556,2.216989,145,4.02,0.07,14948,
48.699545,2.216997,143,4.68,0.08,14986,
48.699545,2.216997,142,4.68,0.08,15014,
48.699545,2.216997,140,4.68,0.08,15050,
48.699545,2.216997,140,4.68,0.08,15081,
48.699545,2.216997,138,4.68,0.08,15114,
48.699545,2.216997,137,4.68,0.08,15150,
48.699545,2.216997,137,4.68,0.08,15181,
48.699545,2.216997,136,4.68,0.08,15214,
48.699545,2.216997,136,4.68,0.08,15247,
48.699545,2.216997,136,4.68,0.08,15281,
48.699545,2.216997,136,4.68,0.08,15315,
48.699545,2.216997,136,4.68,0.08,15348,
48.699545,2.216997,138,4.68,0.08,15381,
48.699545,2.216997,139,4.68,0.08,15415,
48.699545,2.216997,140,4.68,0.08,15447,
48.699545,2.216997,140,4.68,0.08,15481,
48.699545,2.216997,141,4.68,0.08,15515,
48.699545,2.216997,142,4.68,0.08,15548,
48.699545,2.216997,143,4.68,0.08,15583,
48.699545,2.216997,143,4.68,0.08,15615,
48.699545,2.216997,145,4.68,0.08,15648,
48.699545,2.216997,147,4.68,0.08,15681,
48.699545,2.216997,148,4.68,0.08,15714,
48.699545,2.216997,150,4.68,0.08,15748,
48.699545,2.216997,153,4.68,0.08,15781,
48.699545,2.216997,155,4.68,0.08,15815,
48.699545,2.216997,157,4.68,0.08,15848,
48.699545,2.216997,159,4.68,0.08,15881,
48.699545,2.216997,159,4.68,0.08,15914,
48.699545,2.216997,160,4.68,0.08,15948,
48.699535,2.216999,160,3.64,0.08,15990,
48.699535,2.216999,160,3.64,0.08,16014,
48.699535,2.216999,159,3.64,0.08,16047,
48.699535,2.216999,159,3.64,0.08,16081,
48.699535,2.216999,158,3.64,0.08,16114,
48.699535,2.216999,158,3.64,0.08,16148,
48.699535,2.216999,159,3.64,0.08,16181,
48.699535,2.216999,158,3.64,0.08,16214,
48.699535,2.216999,157,3.64,0.08,16248,
48.699535,2.216999,157,3.64,0.08,16281,
48.699535,2.216999,155,3.64,0.08,16314,
48.699535,2.216999,153,3.64,0.08,16348,
48.699535,2.216999,152,3.64,0.08,16381,
48.699535,2.216999,150,3.64,0.08,16413,
48.699535,2.216999,149,3.64,0.08,16449,
48.699535,2.216999,146,3.64,0.08,16481,
48.699535,2.216999,144,3.64,0.08,16514,
48.699535,2.216999,143,3.64,0.08,16548,
48.699535,2.216999,142,3.64,0.08,16581,
48.699535,2.216999,140,3.64,0.08,16614,
48.699535,2.216999,139,3.64,0.08,16647,
48.699535,2.216999,138,3.64,0.08,16681,
48.699535,2.216999,137,3.64,0.08,16715,
48.699535,2.216999,136,3.64,0.08,16747,
48.699535,2.216999,135,3.64,0.08,16781,
48.699535,2.216999,135,3.64,0.08,16814,
48.699535,2.216999,134,3.64,0.08,16847,
48.699535,2.216999,134,3.64,0.08,16883,
48.699535,2.216999,134,3.64,0.08,16915,
48.699535,2.216999,135,3.64,0.08,16948,
48.699527,2.216997,135,3.01,0.08,16980,
48.699527,2.216997,135,3.01,0.08,17013,
48.699527,2.216997,135,3.01,0.08,17047,
48.699527,2.216997,135,3.01,0.08,17080,
48.699527,2.216997,135,3.01,0.08,17115,
48.699527,2.216997,133,3.01,0.08,17148,
48.699527,2.216997,133,3.01,0.08,17181,
48.699527,2.216997,132,3.01,0.08,17215,
48.699527,2.216997,132,3.01,0.08,17248,
48.699527,2.216997,132,3.01,0.08,17282,
48.699527,2.216997,132,3.01,0.08,17315,
48.699527,2.216997,131,3.01,0.08,17347,
48.699527,2.216997,131,3.01,0.08,17381,
48.699527,2.216997,130,3.01,0.08,17414,
48.699527,2.216997,129,3.01,0.08,17448,
48.699527,2.216997,129,3.01,0.08,17480,
48.699527,2.216997,126,3.01,0.08,17514,
48.699527,2.216997,124,3.01,0.08,17547,
48.699527,2.216997,124,3.01,0.08,17581,
48.699527,2.216997,123,3.01,0.08,17615,
48.699527,2.216997,121,3.01,0.08,17648,
48.699527,2.216997,121,3.01,0.08,17681,
48.699527,2.216997,120,3.01,0.08,17715,
48.699527,2.216997,119,3.01,0.08,17748,
48.699527,2.216997,116,3.01,0.08,17781,
48.699527,2.216997,114,3.01,0.08,17814,
48.699527,2.216997,114,3.01,0.08,17848,
48.699527,2.216997,112,3.01,0.08,17881,
48.699527,2.216997,111,3.01,0.08,17915,
48.699519,2.216990,110,3.43,0.08,17948,
48.699519,2.216990,109,3.43,0.08,17985,
48.699519,2.216990,108,3.43,0.08,18013,
48.699519,2.216990,107,3.43,0.08,18047,
48.699519,2.216990,107,3.43,0.08,18080,
48.699519,2.216990,107,3.43,0.08,18114,
48.699519,2.216990,107,3.43,0.08,18147,
48.699519,2.216990,107,3.43,0.08,18180,
48.699519,2.216990,108,3.43,0.08,18214,
48.699519,2.216990,109,3.43,0.08,18248,
48.699519,2.216990,110,3.43,0.08,18281,
48.699519,2.216990,110,3.43,0.08,18315,
48.699519,2.216990,111,3.43,0.08,18348,
48.699519,2.216990,111,3.43,0.08,18381,
48.699519,2.216990,112,3.43,0.08,18415,
48.699519,2.216990,112,3.43,0.08,18449,
48.699519,2.216990,113,3.43,0.08,18483,
48.699519,2.216990,114,3.43,0.08,18515,
48.699519,2.216990,115,3.43,0.08,18548,
48.699519,2.216990,116,3.43,0.08,18582,
48.699519,2.216990,117,3.43,0.08,18615,
48.699519,2.216990,118,3.43,0.08,18648,
48.699519,2.216990,119,3.43,0.08,18682,
48.699519,2.216990,120,3.43,0.08,18715,
48.699519,2.216990,121,3.43,0.08,18748,
48.699519,2.216990,121,3.43,0.08,18783,
48.699519,2.216990,122,3.43,0.08,18821,
48.699519,2.216990,123,3.43,0.08,18847,
48.699519,2.216990,123,3.43,0.08,18881,
48.699519,2.216990,123,3.43,0.08,18914,
48.699510,2.216980,123,3.65,0.08,18949,
48.699510,2.216980,122,3.65,0.08,18990,
48.699510,2.216980,122,3.65,0.08,19013,
48.699510,2.216980,122,3.65,0.08,19047,
48.699510,2.216980,121,3.65,0.08,19081,
48.699510,2.216980,121,3.65,0.08,19115,
48.699510,2.216980,120,3.65,0.08,19148,
48.699510,2.216980,119,3.65,0.08,19181,
48.699510,2.216980,119,3.65,0.08,19214,
48.699510,2.216980,118,3.65,0.08,19248,
48.699510,2.216980,117,3.65,0.08,19281,
48.699510,2.216980,117,3.65,0.08,19314,
48.699510,2.216980,117,3.65,0.08,19348,
48.699510,2.216980,117,3.65,0.08,19381,
48.699510,2.216980,117,3.65,0.08,19414,
48.699510,2.216980,118,3.65,0.08,19448,
48.699510,2.216980,120,3.65,0.08,19481,
48.699510,2.216980,122,3.65,0.08,19516,
48.699510,2.216980,123,3.65,0.08,19548,
48.699510,2.216980,124,3.65,0.08,19581,
48.699510,2.216980,125,3.65,0.08,19615,
48.699510,2.216980,127,3.65,0.08,19648,
48.699510,2.216980,129,3.65,0.08,19682,
48.699510,2.216980,130,3.65,0.08,19714,
48.699510,2.216980,131,3.65,0.08,19748,
48.699510,2.216980,132,3.65,0.08,19781,
48.699510,2.216980,134,3.65,0.08,19815,
48.699510,2.216980,135,3.65,0.08,19848,
48.699510,2.216980,136,3.65,0.08,19881,
48.699510,2.216980,137,3.65,0.08,19914,
48.699500,2.216969,137,4.18,0.09,19948,
48.699500,2.216969,138,4.18,0.09,19980,
48.699500,2.216969,138,4.18,0.09,20013,
48.699500,2.216969,139,4.18,0.09,20048,
48.699500,2.216969,140,4.18,0.09,20082,
48.699500,2.216969,140,4.18,0.09,20115,
48.699500,2.216969,141,4.18,0.09,20149,
48.699500,2.216969,142,4.18,0.09,20181,
48.699500,2.216969,142,4.18,0.09,20214,
48.699500,2.216969,143,4.18,0.09,20248,
48.699500,2.216969,144,4.18,0.09,20282,
48.699500,2.216969,145,4.18,0.09,20315,
48.699500,2.216969,146,4.18,0.09,20348,
48.699500,2.216969,147,4.18,0.09,20381,
48.699500,2.216969,149,4.18,0.09,20414,
48.699500,2.216969,150,4.18,0.09,20448,
48.699500,2.216969,152,4.18,0.09,20481,
48.699500,2.216969,153,4.18,0.09,20514,
48.699500,2.216969,154,4.18,0.09,20548,
48.699500,2.216969,155,4.18,0.09,20581,
48.699500,2.216969,156,4.18,0.09,20614,
48.699500,2.216969,157,4.18,0.09,20648,
48.699500,2.216969,158,4.18,0.09,20681,
48.699500,2.216969,159,4.18,0.09,20715,
48.699500,2.216969,160,4.18,0.09,20748,
48.699500,2.216969,162,4.18,0.09,20781,
48.699500,2.216969,163,4.18,0.09,20815,
48.699500,2.216969,165,4.18,0.09,20848,
48.699500,2.216969,167,4.18,0.09,20881,
48.699500,2.216969,168,4.18,0.09,20915,
48.699500,2.216969,171,4.18,0.09,20948,
48.699490,2.216958,173,3.71,0.09,20980,
48.699490,2.216958,174,3.71,0.09,21014,
48.699490,2.216958,177,3.71,0.09,21048,
48.699490,2.216958,179,3.71,0.09,21081,
48.699490,2.216958,180,3.71,0.09,21115,
48.699490,2.216958,184,3.71,0.09,21148,
48.699490,2.216958,186,3.71,0.09,21182,
48.699490,2.216958,188,3.71,0.09,21215,
48.699490,2.216958,190,3.71,0.09,21248,
48.699490,2.216958,191,3.71,0.09,21282,
48.699490,2.216958,193,3.71,0.09,21315,
48.699490,2.216958,195,3.71,0.09,21348,
48.699490,2.216958,196,3.71,0.09,21382,
48.699490,2.216958,197,3.71,0.09,21415,
48.699490,2.216958,198,3.71,0.09,21448,
48.699490,2.216958,199,3.71,0.09,21480,
48.699490,2.216958,200,3.71,0.09,21514,
48.699490,2.216958,201,3.71,0.09,21547,
48.699490,2.216958,201,3.71,0.09,21581,
48.699490,2.216958,202,3.71,0.09,21615,
48.699490,2.216958,202,3.71,0.09,21649,
48.699490,2.216958,202,3.71,0.09,21681,
48.699490,2.216958,203,3.71,0.09,21714,
48.699490,2.216958,204,3.71,0.09,21748,
48.699490,2.216958,205,3.71,0.09,21781,
48.699490,2.216958,205,3.71,0.09,21814,
48.699490,2.216958,206,3.71,0.09,21850,
48.699490,2.216958,207,3.71,0.09,21881,
48.699490,2.216958,208,3.71,0.09,21915,
48.699490,2.216958,209,3.71,0.09,21948,
48.699485,2.216955,210,1.57,0.09,21980,
48.699485,2.216955,212,1.57,0.09,22013,
48.699485,2.216955,212,1.57,0.09,22047,
48.699485,2.216955,214,1.57,0.09,22081,
48.699485,2.216955,216,1.57,0.09,22117,
48.699485,2.216955,216,1.57,0.09,22148,
48.699485,2.216955,218,1.57,0.09,22181,
48.699485,2.216955,219,1.57,0.09,22214,
48.699485,2.216955,221,1.57,0.09,22248,
48.699485,2.216955,224,1.57,0.09,22282,
48.699485,2.216955,225,1.57,0.09,22316,
48.699485,2.216955,227,1.57,0.09,22348,
48.699485,2.216955,229,1.57,0.09,22381,
48.699485,2.216955,230,1.57,0.09,22415,
48.699485,2.216955,232,1.57,0.09,22448,
48.699485,2.216955,234,1.57,0.09,22480,
48.699485,2.216955,235,1.57,0.09,22514,
48.699485,2.216955,238,1.57,0.09,22548,
48.699485,2.216955,241,1.57,0.09,22582,
48.699485,2.216955,242,1.57,0.09,22615,
48.699485,2.216955,244,1.57,0.09,22648,
48.699485,2.216955,247,1.57,0.09,22683,
48.699485,2.216955,248,1.57,0.09,22715,
48.699485,2.216955,250,1.57,0.09,22748,
48.699485,2.216955,252,1.57,0.09,22782,
48.699485,2.216955,254,1.57,0.09,22815,
48.699485,2.216955,256,1.57,0.09,22848,
48.699485,2.216955,257,1.57,0.09,22882,
48.699485,2.216955,258,1.57,0.09,22915,
48.699485,2.216955,260,1.57,0.09,22948,
48.699483,2.216959,261,2.21,0.09,22981,
48.699483,2.216959,262,2.21,0.09,23014,
48.699483,2.216959,263,2.21,0.09,23048,
48.699483,2.216959,264,2.21,0.09,23081,
48.699483,2.216959,265,2.21,0.09,23115,
48.699483,2.216959,266,2.21,0.09,23148,
48.699483,2.216959,267,2.21,0.09,23181,
48.699483,2.216959,269,2.21,0.09,23215,
48.699483,2.216959,269,2.21,0.09,23249,
48.699483,2.216959,270,2.21,0.09,23281,
48.699483,2.216959,271,2.21,0.09,23315,
48.699483,2.216959,272,2.21,0.09,23348,
48.699483,2.216959,273,2.21,0.09,23382,
48.699483,2.216959,273,2.21,0.09,23415,
48.699483,2.216959,274,2.21,0.09,23448,
48.699483,2.216959,274,2.21,0.09,23481,
48.699483,2.216959,275,2.21,0.09,23515,
48.699483,2.216959,275,2.21,0.09,23548,
48.699483,2.216959,275,2.21,0.09,23581,
48.699483,2.216959,276,2.21,0.09,23615,
48.699483,2.216959,276,2.21,0.09,23648,
48.699483,2.216959,276,2.21,0.09,23681,
48.699483,2.216959,276,2.21,0.09,23715,
48.699483,2.216959,277,2.21,0.09,23748,
48.699483,2.216959,277,2.21,0.09,23781,
48.699483,2.216959,277,2.21,0.09,23815,
48.699483,2.216959,277,2.21,0.09,23848,
48.699483,2.216959,277,2.21,0.09,23882,
48.699483,2.216959,277,2.21,0.09,23915,
48.699483,2.216966,277,0.96,0.09,23948,
48.699483,2.216966,277,0.96,0.09,23980,
48.699483,2.216966,278,0.96,0.09,24014,
48.699483,2.216966,278,0.96,0.09,24048,
48.699483,2.216966,278,0.96,0.09,24081,
48.699483,2.216966,278,0.96,0.09,24114,
48.699483,2.216966,278,0.96,0.09,24148,
48.699483,2.216966,278,0.96,0.09,24182,
48.699483,2.216966,278,0.96,0.09,24215,
48.699483,2.216966,278,0.96,0.09,24248,
48.699483,2.216966,278,0.96,0.09,24281,
48.699483,2.216966,278,0.96,0.09,24314,
48.699483,2.216966,279,0.96,0.09,24348,
48.699483,2.216966,279,0.96,0.09,24381,
48.699483,2.216966,279,0.96,0.09,24414,
48.699483,2.216966,279,0.96,0.09,24448,
48.699483,2.216966,279,0.96,0.09,24481,
48.699483,2.216966,279,0.96,0.09,24514,
48.699483,2.216966,279,0.96,0.09,24548,
48.699483,2.216966,279,0.96,0.09,24581,
48.699483,2.216966,280,0.96,0.09,24614,
48.699483,2.216966,280,0.96,0.09,24648,
48.699483,2.216966,280,0.96,0.09,24681,
48.699483,2.216966,280,0.96,0.09,24715,
48.699483,2.216966,280,0.96,0.09,24748,
48.699483,2.216966,280,0.96,0.09,24782,
48.699483,2.216966,280,0.96,0.09,24815,
48.699483,2.216966,280,0.96,0.09,24848,
48.699483,2.216966,280,0.96,0.09,24881,
48.699483,2.216966,280,0.96,0.09,24915,
48.699487,2.216973,280,0.00,0.09,24948,
48.699487,2.216973,280,0.00,0.09,24980,
48.699487,2.216973,281,0.00,0.09,25013,
48.699487,2.216973,281,0.00,0.09,25048,
48.699487,2.216973,281,0.00,0.09,25081,
48.699487,2.216973,281,0.00,0.09,25115,
48.699487,2.216973,281,0.00,0.09,25148,
48.699487,2.216973,281,0.00,0.09,25183,
48.699487,2.216973,281,0.00,0.09,25217,
48.699487,2.216973,281,0.00,0.09,25248,
48.699487,2.216973,281,0.00,0.09,25283,
48.699487,2.216973,281,0.00,0.09,25315,
48.699487,2.216973,281,0.00,0.09,25348,
48.699487,2.216973,281,0.00,0.09,25382,
48.699487,2.216973,281,0.00,0.09,25415,
48.699487,2.216973,281,0.00,0.09,25448,
48.699487,2.216973,281,0.00,0.09,25482,
48.699487,2.216973,281,0.00,0.09,25515,
48.699487,2.216973,281,0.00,0.09,25548,
48.699487,2.216973,281,0.00,0.09,25582,
48.699487,2.216973,281,0.00,0.09,25615,
48.699487,2.216973,281,0.00,0.09,25649,
48.699487,2.216973,281,0.00,0.09,25681,
48.699487,2.216973,281,0.00,0.09,25714,
48.699487,2.216973,281,0.00,0.09,25748,
48.699487,2.216973,281,0.00,0.09,25782,
48.699487,2.216973,281,0.00,0.09,25815,
48.699487,2.216973,281,0.00,0.09,25849,
48.699487,2.216973,281,0.00,0.09,25881,
48.699487,2.216973,281,0.00,0.09,25914,
48.699490,2.216973,281,0.00,0.09,25948,
48.699490,2.216973,281,0.00,0.09,25980,
48.699490,2.216973,281,0.00,0.09,26013,
48.699490,2.216973,281,0.00,0.09,26048,
48.699490,2.216973,281,0.00,0.09,26082,
48.699490,2.216973,281,0.00,0.09,26115,
48.699490,2.216973,281,0.00,0.09,26148,
48.699490,2.216973,281,0.00,0.09,26182,
48.699490,2.216973,281,0.00,0.09,26215,
48.699490,2.216973,281,0.00,0.09,26248,
48.699490,2.216973,281,0.00,0.09,26281,
48.699490,2.216973,281,0.00,0.09,26316,
48.699490,2.216973,281,0.00,0.09,26348,
48.699490,2.216973,281,0.00,0.09,26382,
48.699490,2.216973,281,0.00,0.09,26415,
48.699490,2.216973,281,0.00,0.09,26448,
48.699490,2.216973,281,0.00,0.09,26482,
48.699490,2.216973,281,0.00,0.09,26515,
48.699490,2.216973,281,0.00,0.09,26548,
48.699490,2.216973,281,0.00,0.09,26581,
48.699490,2.216973,282,0.00,0.09,26615,
48.699490,2.216973,283,0.00,0.09,26648,
48.699490,2.216973,284,0.00,0.09,26682,
48.699490,2.216973,285,0.00,0.09,26715,
48.699490,2.216973,284,0.00,0.09,26748,
48.699490,2.216973,284,0.00,0.09,26782,
48.699490,2.216973,284,0.00,0.09,26817,
48.699490,2.216973,284,0.00,0.09,26848,
48.699490,2.216973,284,0.00,0.09,26885,
48.699490,2.216973,284,0.00,0.09,26915,
48.699490,2.216973,284,0.00,0.09,26949,
48.699490,2.216973,285,0.00,0.09,26980,
48.699490,2.216973,286,0.00,0.09,27013,
48.699490,2.216973,286,0.00,0.09,27048,
48.699490,2.216973,287,0.00,0.09,27081,
48.699490,2.216973,288,0.00,0.09,27115,
48.699490,2.216973,289,0.00,0.09,27149,
48.699490,2.216973,290,0.00,0.09,27182,
48.699490,2.216973,291,0.00,0.09,27215,
48.699490,2.216973,291,0.00,0.09,27249,
48.699490,2.216973,292,0.00,0.09,27281,
48.699490,2.216973,293,0.00,0.09,27315,
48.699490,2.216973,294,0.00,0.09,27348,
48.699490,2.216973,295,0.00,0.09,27381,
48.699490,2.216973,297,0.00,0.09,27417,
48.699490,2.216973,298,0.00,0.09,27448,
48.699490,2.216973,300,0.00,0.09,27481,
48.699490,2.216973,301,0.00,0.09,27515,
48.699490,2.216973,302,0.00,0.09,27548,
48.699490,2.216973,302,0.00,0.09,27581,
48.699490,2.216973,303,0.00,0.09,27615,
48.699490,2.216973,303,0.00,0.09,27647,
48.699490,2.216973,303,0.00,0.09,27681,
48.699490,2.216973,303,0.00,0.09,27714,
48.699490,2.216973,304,0.00,0.09,27748,
48.699490,2.216973,305,0.00,0.09,27782,
48.699490,2.216973,306,0.00,0.09,27814,
48.699490,2.216973,307,0.00,0.09,27847,
48.699490,2.216973,308,0.00,0.09,27882,
48.699490,2.216973,308,0.00,0.09,27914,
48.699490,2.216973,310,0.00,0.09,27950,
48.699495,2.216972,310,2.25,0.10,27981,
48.699495,2.216972,311,2.25,0.10,28014,
48.699495,2.216972,311,2.25,0.10,28047,
48.699495,2.216972,311,2.25,0.10,28082,
48.699495,2.216972,310,2.25,0.10,28115,
48.699495,2.216972,309,2.25,0.10,28151,
48.699495,2.216972,308,2.25,0.10,28181,
48.699495,2.216972,306,2.25,0.10,28215,
48.699495,2.216972,305,2.25,0.10,28248,
48.699495,2.216972,304,2.25,0.10,28281,
48.699495,2.216972,303,2.25,0.10,28314,
48.699495,2.216972,303,2.25,0.10,28348,
48.699495,2.216972,303,2.25,0.10,28381,
48.699495,2.216972,303,2.25,0.10,28415,
48.699495,2.216972,303,2.25,0.10,28449,
48.699495,2.216972,302,2.25,0.10,28482,
48.699495,2.216972,302,2.25,0.10,28515,
48.699495,2.216972,302,2.25,0.10,28549,
48.699495,2.216972,301,2.25,0.10,28582,
48.699495,2.216972,301,2.25,0.10,28615,
48.699495,2.216972,300,2.25,0.10,28648,
48.699495,2.216972,299,2.25,0.10,28682,
48.699495,2.216972,298,2.25,0.10,28715,
48.699495,2.216972,296,2.25,0.10,28748,
48.699495,2.216972,292,2.25,0.10,28782,
48.699495,2.216972,290,2.25,0.10,28816,
48.699495,2.216972,289,2.25,0.10,28848,
48.699495,2.216972,288,2.25,0.10,28882,
48.699495,2.216972,288,2.25,0.10,28915,
48.699504,2.216974,287,4.32,0.10,28948,
48.699504,2.216974,286,4.32,0.10,28980,
48.699504,2.216974,285,4.32,0.10,29014,
48.699504,2.216974,284,4.32,0.10,29047,
48.699504,2.216974,283,4.32,0.10,29081,
48.699504,2.216974,283,4.32,0.10,29115,
48.699504,2.216974,282,4.32,0.10,29148,
48.699504,2.216974,282,4.32,0.10,29181,
48.699504,2.216974,282,4.32,0.10,29215,
48.699504,2.216974,282,4.32,0.10,29248,
48.699504,2.216974,282,4.32,0.10,29282,
48.699504,2.216974,282,4.32,0.10,29315,
48.699504,2.216974,282,4.32,0.10,29348,
48.699504,2.216974,283,4.32,0.10,29382,
48.699504,2.216974,282,4.32,0.10,29415,
48.699504,2.216974,281,4.32,0.10,29448,
48.699504,2.216974,282,4.32,0.10,29482,
48.699504,2.216974,283,4.32,0.10,29515,
48.699504,2.216974,283,4.32,0.10,29547,
48.699504,2.216974,284,4.32,0.10,29581,
48.699504,2.216974,284,4.32,0.10,29615,
48.699504,2.216974,285,4.32,0.10,29649,
48.699504,2.216974,285,4.32,0.10,29682,
48.699504,2.216974,285,4.32,0.10,29715,
48.699504,2.216974,285,4.32,0.10,29749,
48.699504,2.216974,285,4.32,0.10,29781,
48.699504,2.216974,285,4.32,0.10,29815,
48.699504,2.216974,285,4.32,0.10,29849,
48.699504,2.216974,284,4.32,0.10,29881,
48.699504,2.216974,283,4.32,0.10,29914,
48.699514,2.216978,283,3.57,0.10,29949,
48.699514,2.216978,280,3.57,0.10,29980,
48.699514,2.216978,278,3.57,0.10,30013,
48.699514,2.216978,277,3.57,0.10,30048,
48.699514,2.216978,274,3.57,0.10,30082,
48.699514,2.216978,273,3.57,0.10,30116,
48.699514,2.216978,270,3.57,0.10,30148,
48.699514,2.216978,268,3.57,0.10,30181,
48.699514,2.216978,266,3.57,0.10,30215,
48.699514,2.216978,264,3.57,0.10,30248,
48.699514,2.216978,263,3.57,0.10,30281,
48.699514,2.216978,262,3.57,0.10,30316,
48.699514,2.216978,261,3.57,0.10,30348,
48.699514,2.216978,261,3.57,0.10,30382,
48.699514,2.216978,261,3.57,0.10,30415,
48.699514,2.216978,262,3.57,0.10,30448,
48.699514,2.216978,264,3.57,0.10,30482,
48.699514,2.216978,265,3.57,0.10,30515,
48.699514,2.216978,266,3.57,0.10,30548,
48.699514,2.216978,268,3.57,0.10,30582,
48.699514,2.216978,268,3.57,0.10,30615,
48.699514,2.216978,270,3.57,0.10,30648,
48.699514,2.216978,270,3.57,0.10,30682,
48.699514,2.216978,272,3.57,0.10,30717,
48.699514,2.216978,273,3.57,0.10,30750,
48.699514,2.216978,274,3.57,0.10,30780,
48.699514,2.216978,275,3.57,0.10,30814,
48.699514,2.216978,276,3.57,0.10,30848,
48.699514,2.216978,276,3.57,0.10,30881,
48.699514,2.216978,277,3.57,0.10,30915,
48.699522,2.216983,277,3.66,0.10,30949,
48.699522,2.216983,278,3.66,0.10,30980,
48.699522,2.216983,279,3.66,0.10,31013,
48.699522,2.216983,280,3.66,0.10,31047,
48.699522,2.216983,280,3.66,0.10,31080,
48.699522,2.216983,281,3.66,0.10,31115,
48.699522,2.216983,281,3.66,0.10,31149,
48.699522,2.216983,282,3.66,0.10,31182,
48.699522,2.216983,282,3.66,0.10,31215,
48.699522,2.216983,281,3.66,0.10,31253,
48.699522,2.216983,282,3.66,0.10,31282,
48.699522,2.216983,282,3.66,0.10,31315,
48.699522,2.216983,283,3.66,0.10,31349,
48.699522,2.216983,283,3.66,0.10,31382,
48.699522,2.216983,284,3.66,0.10,31416,
48.699522,2.216983,284,3.66,0.10,31449,
48.699522,2.216983,285,3.66,0.10,31482,
48.699522,2.216983,285,3.66,0.10,31515,
48.699522,2.216983,285,3.66,0.10,31548,
48.699522,2.216983,286,3.66,0.10,31582,
48.699522,2.216983,286,3.66,0.10,31616,
48.699522,2.216983,286,3.66,0.10,31648,
48.699522,2.216983,287,3.66,0.10,31682,
48.699522,2.216983,288,3.66,0.10,31715,
48.699522,2.216983,289,3.66,0.10,31748,
48.699522,2.216983,290,3.66,0.10,31782,
48.699522,2.216983,291,3.66,0.10,31815,
48.699522,2.216983,292,3.66,0.10,31848,
48.699522,2.216983,293,3.66,0.10,31884,
48.699522,2.216983,293,3.66,0.10,31915,
48.699529,2.216990,294,3.46,0.10,31950,
48.699529,2.216990,294,3.46,0.10,31981,
48.699529,2.216990,295,3.46,0.10,32014,
48.699529,2.216990,296,3.46,0.10,32046,
48.699529,2.216990,297,3.46,0.10,32081,
48.699529,2.216990,298,3.46,0.10,32114,
48.699529,2.216990,300,3.46,0.10,32148,
48.699529,2.216990,300,3.46,0.10,32181,
48.699529,2.216990,301,3.46,0.10,32215,
48.699529,2.216990,301,3.46,0.10,32249,
48.699529,2.216990,301,3.46,0.10,32282,
48.699529,2.216990,301,3.46,0.10,32315,
48.699529,2.216990,301,3.46,0.10,32349,
48.699529,2.216990,301,3.46,0.10,32382,
48.699529,2.216990,301,3.46,0.10,32415,
48.699529,2.216990,301,3.46,0.10,32449,
48.699529,2.216990,300,3.46,0.10,32482,
48.699529,2.216990,300,3.46,0.10,32514,
48.699529,2.216990,301,3.46,0.10,32548,
48.699529,2.216990,301,3.46,0.10,32581,
48.699529,2.216990,301,3.46,0.10,32614,
48.699529,2.216990,301,3.46,0.10,32648,
48.699529,2.216990,302,3.46,0.10,32681,
48.699529,2.216990,302,3.46,0.10,32715,
48.699529,2.216990,302,3.46,0.10,32748,
48.699529,2.216990,301,3.46,0.10,32781,
48.699529,2.216990,301,3.46,0.10,32815,
48.699529,2.216990,302,3.46,0.10,32848,
48.699529,2.216990,302,3.46,0.10,32882,
48.699529,2.216990,302,3.46,0.10,32917,
48.699536,2.216997,303,3.18,0.11,32949,
48.699536,2.216997,304,3.18,0.11,32980,
48.699536,2.216997,304,3.18,0.11,33014,
48.699536,2.216997,305,3.18,0.11,33047,
48.699536,2.216997,306,3.18,0.11,33081,
48.699536,2.216997,306,3.18,0.11,33114,
48.699536,2.216997,308,3.18,0.11,33148,
48.699536,2.216997,309,3.18,0.11,33182,
48.699536,2.216997,309,3.18,0.11,33215,
48.699536,2.216997,311,3.18,0.11,33248,
48.699536,2.216997,312,3.18,0.11,33283,
48.699536,2.216997,313,3.18,0.11,33315,
48.699536,2.216997,315,3.18,0.11,33348,
48.699536,2.216997,317,3.18,0.11,33381,
48.699536,2.216997,319,3.18,0.11,33415,
48.699536,2.216997,321,3.18,0.11,33448,
48.699536,2.216997,323,3.18,0.11,33482,
48.699536,2.216997,326,3.18,0.11,33515,
48.699536,2.216997,328,3.18,0.11,33548,
48.699536,2.216997,329,3.18,0.11,33582,
48.699536,2.216997,331,3.18,0.11,33615,
48.699536,2.216997,332,3.18,0.11,33649,
48.699536,2.216997,332,3.18,0.11,33682,
48.699536,2.216997,331,3.18,0.11,33715,
48.699536,2.216997,330,3.18,0.11,33749,
48.699536,2.216997,330,3.18,0.11,33782,
48.699536,2.216997,329,3.18,0.11,33815,
48.699536,2.216997,328,3.18,0.11,33853,
48.699536,2.216997,327,3.18,0.11,33881,
48.699536,2.216997,326,3.18,0.11,33915,
48.699544,2.217002,325,4.44,0.11,33948,
48.699544,2.217002,324,4.44,0.11,33980,
48.699544,2.217002,323,4.44,0.11,34013,
48.699544,2.217002,323,4.44,0.11,34048,
48.699544,2.217002,322,4.44,0.11,34081,
48.699544,2.217002,322,4.44,0.11,34115,
48.699544,2.217002,322,4.44,0.11,34148,
48.699544,2.217002,323,4.44,0.11,34181,
48.699544,2.217002,323,4.44,0.11,34216,
48.699544,2.217002,324,4.44,0.11,34248,
48.699544,2.217002,326,4.44,0.11,34282,
48.699544,2.217002,327,4.44,0.11,34315,
48.699544,2.217002,329,4.44,0.11,34348,
48.699544,2.217002,331,4.44,0.11,34381,
48.699544,2.217002,333,4.44,0.11,34414,
48.699544,2.217002,336,4.44,0.11,34448,
48.699544,2.217002,338,4.44,0.11,34483,
48.699544,2.217002,340,4.44,0.11,34515,
48.699544,2.217002,342,4.44,0.11,34548,
48.699544,2.217002,344,4.44,0.11,34583,
48.699544,2.217002,345,4.44,0.11,34615,
48.699544,2.217002,347,4.44,0.11,34648,
48.699544,2.217002,348,4.44,0.11,34682,
48.699544,2.217002,350,4.44,0.11,34715,
48.699544,2.217002,351,4.44,0.11,34749,
48.699544,2.217002,351,4.44,0.11,34782,
48.699544,2.217002,353,4.44,0.11,34815,
48.699544,2.217002,353,4.44,0.11,34848,
48.699544,2.217002,353,4.44,0.11,34883,
48.699544,2.217002,353,4.44,0.11,34915,
48.699544,2.217002,353,4.44,0.11,34950,
48.699554,2.217006,353,4.43,0.11,34982,
48.699554,2.217006,354,4.43,0.11,35014,
48.699554,2.217006,355,4.43,0.11,35048,
48.699554,2.217006,355,4.43,0.11,35082,
48.699554,2.217006,355,4.43,0.11,35116,
48.699554,2.217006,356,4.43,0.11,35150,
48.699554,2.217006,356,4.43,0.11,35183,
48.699554,2.217006,357,4.43,0.11,35215,
48.699554,2.217006,357,4.43,0.11,35252,
48.699554,2.217006,359,4.43,0.11,35284,
48.699554,2.217006,1,4.43,0.11,35314,
48.699554,2.217006,2,4.43,0.11,35348,
48.699554,2.217006,3,4.43,0.11,35382,
48.699554,2.217006,5,4.43,0.11,35416,
48.699554,2.217006,6,4.43,0.11,35448,
48.699554,2.217006,9,4.43,0.11,35482,
48.699554,2.217006,11,4.43,0.11,35517,
48.699554,2.217006,13,4.43,0.11,35548,
48.699554,2.217006,16,4.43,0.11,35581,
48.699554,2.217006,17,4.43,0.11,35615,
48.699554,2.217006,19,4.43,0.11,35648,
48.699554,2.217006,21,4.43,0.11,35682,
48.699554,2.217006,22,4.43,0.11,35715,
48.699554,2.217006,24,4.43,0.11,35748,
48.699554,2.217006,27,4.43,0.11,35783,
48.699554,2.217006,30,4.43,0.11,35815,
48.699554,2.217006,32,4.43,0.11,35848,
48.699554,2.217006,34,4.43,0.11,35881,
48.699554,2.217006,35,4.43,0.11,35915,
48.699563,2.217005,37,3.49,0.11,35948,
48.699563,2.217005,37,3.49,0.11,35980,
48.699563,2.217005,39,3.49,0.11,36013,
48.699563,2.217005,39,3.49,0.11,36048,
48.699563,2.217005,40,3.49,0.11,36082,
48.699563,2.217005,40,3.49,0.11,36116,
48.699563,2.217005,40,3.49,0.11,36148,
48.699563,2.217005,41,3.49,0.11,36181,
48.699563,2.217005,41,3.49,0.11,36215,
48.699563,2.217005,41,3.49,0.11,36249,
48.699563,2.217005,41,3.49,0.11,36284,
48.699563,2.217005,40,3.49,0.11,36315,
48.699563,2.217005,40,3.49,0.11,36348,
48.699563,2.217005,40,3.49,0.11,36381,
48.699563,2.217005,41,3.49,0.11,36414,
48.699563,2.217005,41,3.49,0.11,36448,
48.699563,2.217005,42,3.49,0.11,36482,
48.699563,2.217005,43,3.49,0.11,36515,
48.699563,2.217005,43,3.49,0.11,36549,
48.699563,2.217005,44,3.49,0.11,36581,
48.699563,2.217005,45,3.49,0.11,36614,
48.699563,2.217005,46,3.49,0.11,36648,
48.699563,2.217005,46,3.49,0.11,36681,
48.699563,2.217005,47,3.49,0.11,36715,
48.699563,2.217005,48,3.49,0.11,36748,
48.699563,2.217005,49,3.49,0.11,36782,
48.699563,2.217005,50,3.49,0.11,36815,
48.699563,2.217005,50,3.49,0.11,36848,
48.699563,2.217005,52,3.49,0.11,36882,
48.699563,2.217005,52,3.49,0.11,36916,
48.699569,2.217000,54,3.07,0.11,36949,
48.699569,2.217000,55,3.07,0.11,36980,
48.699569,2.217000,55,3.07,0.11,37014,
48.699569,2.217000,54,3.07,0.11,37048,
48.699569,2.217000,55,3.07,0.11,37081,
48.699569,2.217000,56,3.07,0.11,37115,
48.699569,2.217000,58,3.07,0.11,37149,
48.699569,2.217000,59,3.07,0.11,37182,
48.699569,2.217000,59,3.07,0.11,37215,
48.699569,2.217000,60,3.07,0.11,37248,
48.699569,2.217000,61,3.07,0.11,37283,
48.699569,2.217000,61,3.07,0.11,37315,
48.699569,2.217000,61,3.07,0.11,37348,
48.699569,2.217000,61,3.07,0.11,37382,
48.699569,2.217000,60,3.07,0.11,37415,
48.699569,2.217000,60,3.07,0.11,37448,
48.699569,2.217000,59,3.07,0.11,37482,
48.699569,2.217000,57,3.07,0.11,37515,
48.699569,2.217000,56,3.07,0.11,37548,
48.699569,2.217000,56,3.07,0.11,37582,
48.699569,2.217000,55,3.07,0.11,37615,
48.699569,2.217000,55,3.07,0.11,37649,
48.699569,2.217000,54,3.07,0.11,37682,
48.699569,2.217000,54,3.07,0.11,37715,
48.699569,2.217000,54,3.07,0.11,37749,
48.699569,2.217000,54,3.07,0.11,37782,
48.699569,2.217000,55,3.07,0.11,37815,
48.699569,2.217000,55,3.07,0.11,37848,
48.699569,2.217000,56,3.07,0.11,37881,
48.699569,2.217000,56,3.07,0.11,37915,
48.699575,2.216992,57,3.71,0.12,37948,
48.699575,2.216992,58,3.71,0.12,37981,
48.699575,2.216992,59,3.71,0.12,38015,
48.699575,2.216992,60,3.71,0.12,38049,
48.699575,2.216992,61,3.71,0.12,38082,
48.699575,2.216992,62,3.71,0.12,38115,
48.699575,2.216992,62,3.71,0.12,38149,
48.699575,2.216992,64,3.71,0.12,38182,
48.699575,2.216992,64,3.71,0.12,38215,
48.699575,2.216992,66,3.71,0.12,38249,
48.699575,2.216992,67,3.71,0.12,38282,
48.699575,2.216992,68,3.71,0.12,38318,
48.699575,2.216992,68,3.71,0.12,38348,
48.699575,2.216992,68,3.71,0.12,38382,
48.699575,2.216992,68,3.71,0.12,38415,
48.699575,2.216992,68,3.71,0.12,38449,
48.699575,2.216992,67,3.71,0.12,38483,
48.699575,2.216992,67,3.71,0.12,38515,
48.699575,2.216992,66,3.71,0.12,38548,
48.699575,2.216992,64,3.71,0.12,38582,
48.699575,2.216992,64,3.71,0.12,38616,
48.699575,2.216992,62,3.71,0.12,38648,
48.699575,2.216992,60,3.71,0.12,38683,
48.699575,2.216992,60,3.71,0.12,38715,
48.699575,2.216992,59,3.71,0.12,38749,
48.699575,2.216992,59,3.71,0.12,38782,
48.699575,2.216992,59,3.71,0.12,38815,
48.699575,2.216992,58,3.71,0.12,38849,
48.699575,2.216992,58,3.71,0.12,38881,
48.699575,2.216992,57,3.71,0.12,38915,
48.699580,2.216979,57,3.68,0.12,38951,
48.699580,2.216979,56,3.68,0.12,38980,
48.699580,2.216979,56,3.68,0.12,39014,
48.699580,2.216979,55,3.68,0.12,39049,
48.699580,2.216979,56,3.68,0.12,39083,
48.699580,2.216979,56,3.68,0.12,39115,
48.699580,2.216979,56,3.68,0.12,39148,
48.699580,2.216979,54,3.68,0.12,39182,
48.699580,2.216979,54,3.68,0.12,39215,
48.699580,2.216979,56,3.68,0.12,39251,
48.699580,2.216979,57,3.68,0.12,39282,
48.699580,2.216979,57,3.68,0.12,39316,
48.699580,2.216979,57,3.68,0.12,39349,
48.699580,2.216979,55,3.68,0.12,39383,
48.699580,2.216979,57,3.68,0.12,39415,
48.699580,2.216979,58,3.68,0.12,39449,
48.699580,2.216979,60,3.68,0.12,39482,
48.699580,2.216979,61,3.68,0.12,39517,
48.699580,2.216979,62,3.68,0.12,39549,
48.699580,2.216979,63,3.68,0.12,39582,
48.699580,2.216979,64,3.68,0.12,39616,
48.699580,2.216979,65,3.68,0.12,39650,
48.699580,2.216979,65,3.68,0.12,39683,
48.699580,2.216979,66,3.68,0.12,39716,
48.699580,2.216979,65,3.68,0.12,39749,
48.699580,2.216979,65,3.68,0.12,39781,
48.699580,2.216979,63,3.68,0.12,39816,
48.699580,2.216979,64,3.68,0.12,39849,
48.699580,2.216979,65,3.68,0.12,39883,
48.699580,2.216979,66,3.68,0.12,39918,
48.699580,2.216979,65,3.68,0.12,39948,
48.699584,2.216965,65,3.29,0.12,39980,
48.699584,2.216965,64,3.29,0.12,40014,
48.699584,2.216965,64,3.29,0.12,40048,
48.699584,2.216965,63,3.29,0.12,40084,
48.699584,2.216965,63,3.29,0.12,40117,
48.699584,2.216965,63,3.29,0.12,40148,
48.699584,2.216965,63,3.29,0.12,40182,
48.699584,2.216965,63,3.29,0.12,40215,
48.699584,2.216965,64,3.29,0.12,40248,
48.699584,2.216965,65,3.29,0.12,40282,
48.699584,2.216965,66,3.29,0.12,40315,
48.699584,2.216965,67,3.29,0.12,40350,
48.699584,2.216965,68,3.29,0.12,40382,
48.699584,2.216965,68,3.29,0.12,40415,
48.699584,2.216965,69,3.29,0.12,40450,
48.699584,2.216965,70,3.29,0.12,40483,
48.699584,2.216965,71,3.29,0.12,40516,
48.699584,2.216965,73,3.29,0.12,40550,
48.699584,2.216965,74,3.29,0.12,40582,
48.699584,2.216965,76,3.29,0.12,40615,
48.699584,2.216965,77,3.29,0.12,40649,
48.699584,2.216965,78,3.29,0.12,40682,
48.699584,2.216965,79,3.29,0.12,40716,
48.699584,2.216965,79,3.29,0.12,40748,
48.699584,2.216965,80,3.29,0.12,40782,
48.699584,2.216965,80,3.29,0.12,40816,
48.699584,2.216965,80,3.29,0.12,40848,
48.699584,2.216965,81,3.29,0.12,40882,
48.699584,2.216965,81,3.29,0.12,40916,
48.699584,2.216965,81,3.29,0.12,40948,
48.699588,2.216954,81,3.59,0.12,40981,
48.699588,2.216954,81,3.59,0.12,41014,
48.699588,2.216954,81,3.59,0.12,41048,
48.699588,2.216954,81,3.59,0.12,41081,
48.699588,2.216954,81,3.59,0.12,41115,
48.699588,2.216954,81,3.59,0.12,41149,
48.699588,2.216954,81,3.59,0.12,41182,
48.699588,2.216954,82,3.59,0.12,41215,
48.699588,2.216954,83,3.59,0.12,41249,
48.699588,2.216954,83,3.59,0.12,41282,
48.699588,2.216954,84,3.59,0.12,41315,
48.699588,2.216954,84,3.59,0.12,41349,
48.699588,2.216954,85,3.59,0.12,41383,
48.699588,2.216954,86,3.59,0.12,41415,
48.699588,2.216954,87,3.59,0.12,41448,
48.699588,2.216954,87,3.59,0.12,41482,
48.699588,2.216954,88,3.59,0.12,41515,
48.699588,2.216954,89,3.59,0.12,41548,
48.699588,2.216954,89,3.59,0.12,41582,
48.699588,2.216954,90,3.59,0.12,41615,
48.699588,2.216954,92,3.59,0.12,41649,
48.699588,2.216954,92,3.59,0.12,41682,
48.699588,2.216954,93,3.59,0.12,41715,
48.699588,2.216954,93,3.59,0.12,41748,
48.699588,2.216954,95,3.59,0.12,41782,
48.699588,2.216954,97,3.59,0.12,41815,
48.699588,2.216954,99,3.59,0.12,41851,
48.699588,2.216954,100,3.59,0.12,41882,
48.699588,2.216954,103,3.59,0.12,41915,
48.699593,2.216943,104,3.42,0.12,41951,
48.699593,2.216943,106,3.42,0.12,41983,
48.699593,2.216943,107,3.42,0.12,42014,
48.699593,2.216943,108,3.42,0.12,42048,
48.699593,2.216943,109,3.42,0.12,42082,
48.699593,2.216943,110,3.42,0.12,42115,
48.699593,2.216943,111,3.42,0.12,42149,
48.699593,2.216943,112,3.42,0.12,42182,
48.699593,2.216943,113,3.42,0.12,42216,
48.699593,2.216943,113,3.42,0.12,42249,
48.699593,2.216943,114,3.42,0.12,42282,
48.699593,2.216943,114,3.42,0.12,42316,
48.699593,2.216943,113,3.42,0.12,42348,
48.699593,2.216943,112,3.42,0.12,42381,
48.699593,2.216943,111,3.42,0.12,42415,
48.699593,2.216943,111,3.42,0.12,42448,
48.699593,2.216943,113,3.42,0.12,42482,
48.699593,2.216943,113,3.42,0.12,42515,
48.699593,2.216943,113,3.42,0.12,42549,
48.699593,2.216943,113,3.42,0.12,42582,
48.699593,2.216943,114,3.42,0.12,42615,
48.699593,2.216943,115,3.42,0.12,42649,
48.699593,2.216943,115,3.42,0.12,42682,
48.699593,2.216943,116,3.42,0.12,42715,
48.699593,2.216943,117,3.42,0.12,42748,
48.699593,2.216943,118,3.42,0.12,42783,
48.699593,2.216943,119,3.42,0.12,42815,
48.699593,2.216943,120,3.42,0.12,42849,
48.699593,2.216943,120,3.42,0.12,42882,
48.699593,2.216943,121,3.42,0.12,42915,
48.699597,2.216930,122,3.95,0.13,42948,
48.699597,2.216930,122,3.95,0.13,42981,
48.699597,2.216930,122,3.95,0.13,43014,
48.699597,2.216930,123,3.95,0.13,43048,
48.699597,2.216930,123,3.95,0.13,43082,
48.699597,2.216930,124,3.95,0.13,43115,
48.699597,2.216930,125,3.95,0.13,43149,
48.699597,2.216930,126,3.95,0.13,43182,
48.699597,2.216930,128,3.95,0.13,43217,
48.699597,2.216930,129,3.95,0.13,43252,
48.699597,2.216930,130,3.95,0.13,43282,
48.699597,2.216930,131,3.95,0.13,43315,
48.699597,2.216930,131,3.95,0.13,43348,
48.699597,2.216930,132,3.95,0.13,43380,
48.699597,2.216930,133,3.95,0.13,43414,
48.699597,2.216930,133,3.95,0.13,43448,
48.699597,2.216930,134,3.95,0.13,43482,
48.699597,2.216930,134,3.95,0.13,43515,
48.699597,2.216930,134,3.95,0.13,43550,
48.699597,2.216930,133,3.95,0.13,43583,
48.699597,2.216930,133,3.95,0.13,43615,
48.699597,2.216930,133,3.95,0.13,43649,
48.699597,2.216930,132,3.95,0.13,43682,
48.699597,2.216930,132,3.95,0.13,43717,
48.699597,2.216930,132,3.95,0.13,43748,
48.699597,2.216930,132,3.95,0.13,43782,
48.699597,2.216930,132,3.95,0.13,43817,
48.699597,2.216930,132,3.95,0.13,43850,
48.699597,2.216930,132,3.95,0.13,43883,
48.699597,2.216930,132,3.95,0.13,43917,
48.699597,2.216920,132,3.43,0.13,43949,
48.699597,2.216920,132,3.43,0.13,43983,
48.699597,2.216920,132,3.43,0.13,44014,
48.699597,2.216920,133,3.43,0.13,44048,
48.699597,2.216920,133,3.43,0.13,44082,
48.699597,2.216920,134,3.43,0.13,44115,
48.699597,2.216920,134,3.43,0.13,44149,
48.699597,2.216920,135,3.43,0.13,44183,
48.699597,2.216920,135,3.43,0.13,44215,
48.699597,2.216920,136,3.43,0.13,44250,
48.699597,2.216920,136,3.43,0.13,44282,
48.699597,2.216920,137,3.43,0.13,44315,
48.699597,2.216920,139,3.43,0.13,44349,
48.699597,2.216920,139,3.43,0.13,44382,
48.699597,2.216920,139,3.43,0.13,44415,
48.699597,2.216920,139,3.43,0.13,44449,
